{"[#35H0X1x0!r+0A:1]-;!@[#6H2X4x0!r+0A:2](-;!@[#1H0X1x0!r+0A])(-;!@[#1H0X1x0!r+0A])-;!@[#8H1X2x0!r+0A:3]-;!@[#1H0X1x0!r+0A:4]": {"k4": 0, "k1": 0, "k2": 0, "k3": 0.6985935181583}, "[#1H0X1x0!r+0A:1]-;!@[#6H2X4x0!r+0A:2](-;!@[#1H0X1x0!r+0A])(-;!@[#35H0X1x0!r+0A])-;!@[#8H1X2x0!r+0A:3]-;!@[#1H0X1x0!r+0A:4]": {"k4": 0, "k1": 0, "k2": 0, "k3": 0.6985935181583}}