{"[#35H0X1x0!r+0A:1]-;!@[#6H2X4x0!r+0A:2](-;!@[#1H0X1x0!r+0A])(-;!@[#1H0X1x0!r+0A])-;!@[#8H1X2x0!r+0A:3]-;!@[#1H0X1x0!r+0A:4]": {"k4": 1.098659235844e-05, "k1": -4.953606627516e-06, "k2": -2.134295029249, "k3": 0.6985897402673}, "[#1H0X1x0!r+0A:1]-;!@[#6H2X4x0!r+0A:2](-;!@[#1H0X1x0!r+0A])(-;!@[#35H0X1x0!r+0A])-;!@[#8H1X2x0!r+0A:3]-;!@[#1H0X1x0!r+0A:4]": {"k4": -0.05902616761891, "k1": 5.230038100509e-06, "k2": 2.991364519022e-05, "k3": 0.2124201965688}}