,parameter,before,after,change
0,smirks_0_k1,0.0,-4.995220641316e-06,-4.995220641316e-06
1,smirks_0_k2,0.0,-2.133015461971,-2.133015461971
2,smirks_0_k3,0.6985935181583,0.6985897253203,-3.792838000005183e-06
3,smirks_0_k4,0.0,1.098064218889e-05,1.098064218889e-05
4,smirks_1_k1,0.0,5.218932463354e-06,5.218932463354e-06
5,smirks_1_k2,0.0,2.983192194603e-05,2.983192194603e-05
6,smirks_1_k3,0.6985935181583,0.2117667242466,-0.4868267939116999
7,smirks_1_k4,0.0,-0.05708796310258,-0.05708796310258
