{"[#35H0X1x0!r+0A:1]-;!@[#6H2X4x0!r+0A:2](-;!@[#1H0X1x0!r+0A])(-;!@[#1H0X1x0!r+0A])-;!@[#8H1X2x0!r+0A:3]-;!@[#1H0X1x0!r+0A:4]": {"k2": -2.134340646378, "k1": -4.812666595857e-06, "k3": 0.6985896651897, "k4": 1.107915933938e-05}, "[#1H0X1x0!r+0A:1]-;!@[#6H2X4x0!r+0A:2](-;!@[#1H0X1x0!r+0A])(-;!@[#35H0X1x0!r+0A])-;!@[#8H1X2x0!r+0A:3]-;!@[#1H0X1x0!r+0A:4]": {"k2": 3.097352118979e-05, "k1": 5.185274514832e-06, "k3": 0.2123737678041, "k4": -0.05887892762532}}