{"[#6H1X3x2r6+0a:1](-;!@[#1H0X1x0!r+0A])(:;@[#6H0X3x2r6+0a](:;@[#6H1X3x2r6+0a](-;!@[#1H0X1x0!r+0A]):;@[#6H0X3x2r6+0a](:;@[#6H1X3x2r6+0a]-;!@[#1H0X1x0!r+0A])-;!@[#8H0X2x0!r+0A]-;!@[#6H0X3x2r6+0a](:;@[#6H1X3x2r6+0a](-;!@[#1H0X1x0!r+0A]):;@[#6H0X3x2r6+0a](-;!@[#6H0X3x0!r+0A,#8H0X2x0!r+0A]-;!@[#6H3X4x0!r+0A,#8H1X2x0!r+0A]-;!@[#1H0X1x0!r+0A]):;@[#6H1X3x2r6+0a](-;!@[#1H0X1x0!r+0A]):;@[#6H0X3x2r6+0a]-;!@[#6H0X3x0!r+0A,#8H0X2x0!r+0A]-;!@[#6H3X4x0!r+0A,#8H1X2x0!r+0A]-;!@[#1H0X1x0!r+0A]):;@[#6H1X3x2r6+0a]-;!@[#1H0X1x0!r+0A])-;!@[#8H0X2x0!r+0A]-;!@[#6H3X4x0!r+0A](-;!@[#1H0X1x0!r+0A])(-;!@[#1H0X1x0!r+0A])-;!@[#1H0X1x0!r+0A]):;@[#6H0X3x2r6+0a:2]-;!@[#6H3X4x0!r+0A:3](-;!@[#1H0X1x0!r+0A])(-;!@[#1H0X1x0!r+0A])-;!@[#1H0X1x0!r+0A:4]": {"k3": -0.224455748195, "k2": 0.0, "k1": 0.0, "k4": 0.0}, "[#6H1X3x2r6+0a:1](-;!@[#1H0X1x0!r+0A])(:;@[#6H0X3x2r6+0a](:;@[#6H1X3x2r6+0a](-;!@[#1H0X1x0!r+0A]):;@[#6H0X3x2r6+0a](:;@[#6H1X3x2r6+0a]-;!@[#1H0X1x0!r+0A])-;!@[#8H0X2x0!r+0A]-;!@[#6H3X4x0!r+0A](-;!@[#1H0X1x0!r+0A])(-;!@[#1H0X1x0!r+0A])-;!@[#1H0X1x0!r+0A])-;!@[#8H0X2x0!r+0A]-;!@[#6H0X3x2r6+0a](:;@[#6H1X3x2r6+0a](-;!@[#1H0X1x0!r+0A]):;@[#6H0X3x2r6+0a](-;!@[#6H0X3x0!r+0A,#8H0X2x0!r+0A]-;!@[#6H3X4x0!r+0A,#8H1X2x0!r+0A]-;!@[#1H0X1x0!r+0A]):;@[#6H1X3x2r6+0a](-;!@[#1H0X1x0!r+0A]):;@[#6H0X3x2r6+0a]-;!@[#6H0X3x0!r+0A,#8H0X2x0!r+0A]-;!@[#6H3X4x0!r+0A,#8H1X2x0!r+0A]-;!@[#1H0X1x0!r+0A]):;@[#6H1X3x2r6+0a]-;!@[#1H0X1x0!r+0A]):;@[#6H0X3x2r6+0a:2]-;!@[#6H3X4x0!r+0A:3](-;!@[#1H0X1x0!r+0A])(-;!@[#1H0X1x0!r+0A])-;!@[#1H0X1x0!r+0A:4]": {"k3": -0.224455748195, "k2": 0.0, "k1": 0.0, "k4": 0.0}, "[#6H0X3x2r6+0a:1](:;@[#6H1X3x2r6+0a](-;!@[#1H0X1x0!r+0A]):;@[#6H0X3x2r6+0a](-;!@[#6H0X3x0!r+0A,#8H0X2x0!r+0A]-;!@[#6H0X3x2r6+0a,#8H1X2x0!r+0A]-,:[#1H0X1x0!r+0A,#6H1X3x2r6+0a]):;@[#6H1X3x2r6+0a](-;!@[#1H0X1x0!r+0A]):;@[#6H0X3x2r6+0a]-;!@[#6H0X3x0!r+0A,#8H0X2x0!r+0A]-;!@[#6H0X3x2r6+0a,#8H1X2x0!r+0A]-,:[#1H0X1x0!r+0A,#6H1X3x2r6+0a])(:;@[#6H1X3x2r6+0a]-;!@[#1H0X1x0!r+0A])-;!@[#8H0X2x0!r+0A:2]-;!@[#6H3X4x0!r+0A:3](-;!@[#1H0X1x0!r+0A])(-;!@[#1H0X1x0!r+0A])-;!@[#1H0X1x0!r+0A:4]": {"k3": -0.1559345915417, "k2": 0.0, "k1": 0.0, "k4": 0.0}, "[#6H0X3x2r6+0a:1](:;@[#6H1X3x2r6+0a](-;!@[#1H0X1x0!r+0A]):;@[#6H0X3x2r6+0a](-;!@[#6H0X3x0!r+0A](=;!@[#8H0X1x0!r+0A])-;!@[#8H1X2x0!r+0A]-;!@[#1H0X1x0!r+0A]):;@[#6H1X3x2r6+0a](-;!@[#1H0X1x0!r+0A]):;@[#6H0X3x2r6+0a]-;!@[#8H0X2x0!r+0A]-;!@[#6H3X4x0!r+0A](-;!@[#1H0X1x0!r+0A])(-;!@[#1H0X1x0!r+0A])-;!@[#1H0X1x0!r+0A])(:;@[#6H1X3x2r6+0a]-;!@[#1H0X1x0!r+0A])-;!@[#8H0X2x0!r+0A:2]-;!@[#6H0X3x2r6+0a:3](:;@[#6H1X3x2r6+0a](-;!@[#1H0X1x0!r+0A]):;@[#6H0X3x2r6+0a](:;@[#6H1X3x2r6+0a](-;!@[#1H0X1x0!r+0A]):;@[#6H0X3x2r6+0a]-;!@[#6H3X4x0!r+0A](-;!@[#1H0X1x0!r+0A])(-;!@[#1H0X1x0!r+0A])-;!@[#1H0X1x0!r+0A])-;!@[#8H0X2x0!r+0A]-;!@[#6H3X4x0!r+0A](-;!@[#1H0X1x0!r+0A])(-;!@[#1H0X1x0!r+0A])-;!@[#1H0X1x0!r+0A]):;@[#6H1X3x2r6+0a:4]-;!@[#1H0X1x0!r+0A]": {"k3": 0.0, "k2": 1.346955794203, "k1": 0.0, "k4": 0.0}, "[#6H0X3x2r6+0a:1](:;@[#6H1X3x2r6+0a](-;!@[#1H0X1x0!r+0A]):;@[#6H0X3x2r6+0a](-;!@[#6H0X3x0!r+0A](=;!@[#8H0X1x0!r+0A])-;!@[#8H1X2x0!r+0A]-;!@[#1H0X1x0!r+0A]):;@[#6H1X3x2r6+0a](-;!@[#1H0X1x0!r+0A]):;@[#6H0X3x2r6+0a]-;!@[#8H0X2x0!r+0A]-;!@[#6H3X4x0!r+0A](-;!@[#1H0X1x0!r+0A])(-;!@[#1H0X1x0!r+0A])-;!@[#1H0X1x0!r+0A])(:;@[#6H1X3x2r6+0a]-;!@[#1H0X1x0!r+0A])-;!@[#8H0X2x0!r+0A:2]-;!@[#6H0X3x2r6+0a:3](:;@[#6H1X3x2r6+0a](-;!@[#1H0X1x0!r+0A]):;@[#6H0X3x2r6+0a](:;@[#6H1X3x2r6+0a](-;!@[#1H0X1x0!r+0A]):;@[#6H0X3x2r6+0a]-;!@[#8H0X2x0!r+0A]-;!@[#6H3X4x0!r+0A](-;!@[#1H0X1x0!r+0A])(-;!@[#1H0X1x0!r+0A])-;!@[#1H0X1x0!r+0A])-;!@[#6H3X4x0!r+0A](-;!@[#1H0X1x0!r+0A])(-;!@[#1H0X1x0!r+0A])-;!@[#1H0X1x0!r+0A]):;@[#6H1X3x2r6+0a:4]-;!@[#1H0X1x0!r+0A]": {"k3": 0.0, "k2": 1.346955794203, "k1": 0.0, "k4": 0.0}, "[#6H1X3x2r6+0a:1](-;!@[#1H0X1x0!r+0A])(:;@[#6H0X3x2r6+0a](-;!@[#6H0X3x0!r+0A](=;!@[#8H0X1x0!r+0A])-;!@[#8H1X2x0!r+0A]-;!@[#1H0X1x0!r+0A]):;@[#6H1X3x2r6+0a](-;!@[#1H0X1x0!r+0A]):;@[#6H0X3x2r6+0a](:;@[#6H1X3x2r6+0a]-;!@[#1H0X1x0!r+0A])-;!@[#8H0X2x0!r+0A]-;!@[#6H0X3x2r6+0a](:;@[#6H1X3x2r6+0a](-;!@[#1H0X1x0!r+0A]):;@[#6H0X3x2r6+0a](:;@[#6H1X3x2r6+0a](-;!@[#1H0X1x0!r+0A]):;@[#6H0X3x2r6+0a]-;!@[#6H3X4x0!r+0A](-;!@[#1H0X1x0!r+0A])(-;!@[#1H0X1x0!r+0A])-;!@[#1H0X1x0!r+0A])-;!@[#8H0X2x0!r+0A]-;!@[#6H3X4x0!r+0A](-;!@[#1H0X1x0!r+0A])(-;!@[#1H0X1x0!r+0A])-;!@[#1H0X1x0!r+0A]):;@[#6H1X3x2r6+0a]-;!@[#1H0X1x0!r+0A]):;@[#6H0X3x2r6+0a:2]-;!@[#8H0X2x0!r+0A:3]-;!@[#6H3X4x0!r+0A:4](-;!@[#1H0X1x0!r+0A])(-;!@[#1H0X1x0!r+0A])-;!@[#1H0X1x0!r+0A]": {"k3": 0.0, "k2": 1.346955794203, "k1": 0.0, "k4": 0.0}, "[#6H1X3x2r6+0a:1](-;!@[#1H0X1x0!r+0A])(:;@[#6H0X3x2r6+0a](:;@[#6H1X3x2r6+0a](-;!@[#1H0X1x0!r+0A]):;@[#6H0X3x2r6+0a](-;!@[#6H0X3x0!r+0A](=;!@[#8H0X1x0!r+0A])-;!@[#8H1X2x0!r+0A]-;!@[#1H0X1x0!r+0A]):;@[#6H1X3x2r6+0a]-;!@[#1H0X1x0!r+0A])-;!@[#8H0X2x0!r+0A]-;!@[#6H0X3x2r6+0a](:;@[#6H1X3x2r6+0a](-;!@[#1H0X1x0!r+0A]):;@[#6H0X3x2r6+0a](:;@[#6H1X3x2r6+0a](-;!@[#1H0X1x0!r+0A]):;@[#6H0X3x2r6+0a]-;!@[#6H3X4x0!r+0A](-;!@[#1H0X1x0!r+0A])(-;!@[#1H0X1x0!r+0A])-;!@[#1H0X1x0!r+0A])-;!@[#8H0X2x0!r+0A]-;!@[#6H3X4x0!r+0A](-;!@[#1H0X1x0!r+0A])(-;!@[#1H0X1x0!r+0A])-;!@[#1H0X1x0!r+0A]):;@[#6H1X3x2r6+0a]-;!@[#1H0X1x0!r+0A]):;@[#6H0X3x2r6+0a:2]-;!@[#8H0X2x0!r+0A:3]-;!@[#6H3X4x0!r+0A:4](-;!@[#1H0X1x0!r+0A])(-;!@[#1H0X1x0!r+0A])-;!@[#1H0X1x0!r+0A]": {"k3": 0.0, "k2": 1.346955794203, "k1": 0.0, "k4": 0.0}, "[#6H0X3x2r6+0a:1](:;@[#6H1X3x2r6+0a](-;!@[#1H0X1x0!r+0A]):;@[#6H0X3x2r6+0a](:;@[#6H1X3x2r6+0a](-;!@[#1H0X1x0!r+0A]):;@[#6H0X3x2r6+0a]-;!@[#6H3X4x0!r+0A,#8H0X2x0!r+0A]-;!@[#1H0X1x0!r+0A,#6H0X3x2r6+0a])-;!@[#6H3X4x0!r+0A,#8H0X2x0!r+0A]-;!@[#1H0X1x0!r+0A,#6H0X3x2r6+0a])(:;@[#6H1X3x2r6+0a]-;!@[#1H0X1x0!r+0A])-;!@[#8H0X2x0!r+0A:2]-;!@[#6H3X4x0!r+0A:3](-;!@[#1H0X1x0!r+0A])(-;!@[#1H0X1x0!r+0A])-;!@[#1H0X1x0!r+0A:4]": {"k3": -0.1559345915417, "k2": 0.0, "k1": 0.0, "k4": 0.0}, "[#6H1X3x2r6+0a:1](-;!@[#1H0X1x0!r+0A])(:;@[#6H0X3x2r6+0a](:;@[#6H1X3x2r6+0a](-;!@[#1H0X1x0!r+0A]):;@[#6H0X3x2r6+0a](-;!@[#6H0X3x0!r+0A](=;!@[#8H0X1x0!r+0A])-;!@[#8H1X2x0!r+0A]-;!@[#1H0X1x0!r+0A]):;@[#6H1X3x2r6+0a]-;!@[#1H0X1x0!r+0A])-;!@[#8H0X2x0!r+0A]-;!@[#6H3X4x0!r+0A](-;!@[#1H0X1x0!r+0A])(-;!@[#1H0X1x0!r+0A])-;!@[#1H0X1x0!r+0A]):;@[#6H0X3x2r6+0a:2]-;!@[#8H0X2x0!r+0A:3]-;!@[#6H0X3x2r6+0a:4](:;@[#6H1X3x2r6+0a](-;!@[#1H0X1x0!r+0A]):;@[#6H0X3x2r6+0a](:;@[#6H1X3x2r6+0a](-;!@[#1H0X1x0!r+0A]):;@[#6H0X3x2r6+0a]-;!@[#6H3X4x0!r+0A](-;!@[#1H0X1x0!r+0A])(-;!@[#1H0X1x0!r+0A])-;!@[#1H0X1x0!r+0A])-;!@[#8H0X2x0!r+0A]-;!@[#6H3X4x0!r+0A](-;!@[#1H0X1x0!r+0A])(-;!@[#1H0X1x0!r+0A])-;!@[#1H0X1x0!r+0A]):;@[#6H1X3x2r6+0a]-;!@[#1H0X1x0!r+0A]": {"k3": 0.0, "k2": 1.346955794203, "k1": 0.0, "k4": 0.0}, "[#6H1X3x2r6+0a:1](-;!@[#1H0X1x0!r+0A])(:;@[#6H0X3x2r6+0a](-;!@[#6H0X3x0!r+0A](=;!@[#8H0X1x0!r+0A])-;!@[#8H1X2x0!r+0A]-;!@[#1H0X1x0!r+0A]):;@[#6H1X3x2r6+0a](-;!@[#1H0X1x0!r+0A]):;@[#6H0X3x2r6+0a](:;@[#6H1X3x2r6+0a]-;!@[#1H0X1x0!r+0A])-;!@[#8H0X2x0!r+0A]-;!@[#6H3X4x0!r+0A](-;!@[#1H0X1x0!r+0A])(-;!@[#1H0X1x0!r+0A])-;!@[#1H0X1x0!r+0A]):;@[#6H0X3x2r6+0a:2]-;!@[#8H0X2x0!r+0A:3]-;!@[#6H0X3x2r6+0a:4](:;@[#6H1X3x2r6+0a](-;!@[#1H0X1x0!r+0A]):;@[#6H0X3x2r6+0a](:;@[#6H1X3x2r6+0a](-;!@[#1H0X1x0!r+0A]):;@[#6H0X3x2r6+0a]-;!@[#6H3X4x0!r+0A](-;!@[#1H0X1x0!r+0A])(-;!@[#1H0X1x0!r+0A])-;!@[#1H0X1x0!r+0A])-;!@[#8H0X2x0!r+0A]-;!@[#6H3X4x0!r+0A](-;!@[#1H0X1x0!r+0A])(-;!@[#1H0X1x0!r+0A])-;!@[#1H0X1x0!r+0A]):;@[#6H1X3x2r6+0a]-;!@[#1H0X1x0!r+0A]": {"k3": 0.0, "k2": 1.346955794203, "k1": 0.0, "k4": 0.0}, "[#6H0X3x2r6+0a:1](:;@[#6H1X3x2r6+0a](-;!@[#1H0X1x0!r+0A]):;@[#6H0X3x2r6+0a,#6H1X3x2r6+0a](-;!@[#1H0X1x0!r+0A,#8H0X2x0!r+0A]):;@[#6H1X3x2r6+0a](-;!@[#1H0X1x0!r+0A]):;@[#6H0X3x2r6+0a,#6H1X3x2r6+0a]-;!@[#1H0X1x0!r+0A,#8H0X2x0!r+0A])(:;@[#6H1X3x2r6+0a]-;!@[#1H0X1x0!r+0A])-;!@[#6H0X3x0!r+0A:2](=;!@[#8H0X1x0!r+0A])-;!@[#8H1X2x0!r+0A:3]-;!@[#1H0X1x0!r+0A:4]": {"k3": -2.101738491507e-05, "k2": 2.529548593097, "k1": -0.07934445828558, "k4": -2.988705351487e-06},